cdr3_beta,trav,cdr3_alpha,trbv,traj,trbj,mhc,class,category,humantra,humantrb,epitope
ASSLLAGPNTGELF,TRAV3*01,AVRDGDSGGYQKVT,TRBV12-4*01,TRAJ13*01,TRBJ2-2*01,HLA-A*01:01,MHCI,VIR,Human,Human,GLDNHTILL
ASSEAPIGNTIY,TRAV8-3*01,AVGTNYGNNRLA,TRBV10-2*01,TRAJ7*01,TRBJ1-3*01,HLA-A*01:01,MHCI,VIR,Human,Human,RTMEVCYNT
ARRGDRAEQY,TRAV29/DV5,AAREIGNQFY,TRBV2,TRAJ49*01,TRBJ2-7,HLA-A*01:01,MHCI,VIR,Human,Human,QLCDVMFYL
ASSLIQGSYEQY,TRAV6*01,APHPSGYSTLT,TRBV28*01,TRAJ11*01,TRBJ2-7*01,HLA-A*01:01,MHCI,ONCV,Human,Human,CHIPVEPNT
ASSLVPQGPNYGYT,TRAV3*01,AYRSSNYQLI,TRBV27,TRAJ33*01,TRBJ1-2*01,HLA-A*01:01,MHCI,VIR,Human,Human,RLGEVRHPV
ASGPLVGGGLGAYT,TRAV12-1*01,VVGDSNYQLI,TRBV12-5*01,TRAJ33*01,TRBJ1-2*01,HLA-A*01:01,MHCI,VIR,Human,Human,MPNMLRIMA
ASSETGGPYYGYT,TRAV14/DV4,AMREATGTASKLT,TRBV9,TRAJ44*01,TRBJ1-2*01,HLA-A*01:01,MHCI,VIR,Human,Human,MLYQHLLPL
ASSLASNQPQH,TRAV5*01,ACNTGNQFY,TRBV27,TRAJ49*01,TRBJ1-5*01,HLA-A*01:01,MHCI,VIR,Human,Human,NMLRIMASL
ASSFNMATGQY,TRAV21*01,AVRPGGAGPFFVV,TRBV5-1*01,TRAJ28*01,TRBJ2-7*01,HLA-A*01:01,MHCI,TAA,Human,Human,THLMVLCCV
AIEDRNTGELF,TRAV12-2*01,AVIGGSQGNLI,TRBV10-3*01,TRAJ42*01,TRBJ2-2*01,HLA-A*02:01,MHCI,VIR,Human,Human,YMRSLKVPA
ASSSGLVSNTGELF,TRAV13-2*01,ADSGGGADGLT,TRBV9*01,TRAJ45*01,TRBJ2-2*01,HLA-A*02:01,MHCI,ONCV,Human,Human,SMLGIGIVPV
ASSHIAGQETQY,TRAV1-1*01,AVRDRDTGRRALT,TRBV12-4*01,TRAJ5*01,TRBJ2-5*01,HLA-A*02:01,MHCI,UN,Human,Human,ALAGIGILTV
ASSEDFSGNTIY,TRAV12-2*01,AVGGNNRLA,TRBV2*01,TRAJ7*01,TRBJ1-3*01,HLA-A*02:01,MHCI,NEO,Human,Human,VAANIVLTV
ASSDSPLSGSPLH,TRAV12-2*01,AVKNTDKLI,TRBV2*01,TRAJ34*01,TRBJ1-6*01,HLA-A*02:01,MHCI,NEO,Human,Human,ELGGIGILTV
ASSDRSGTEQY,TRAV8-3*01,ANTGSQGNLI,TRBV19*01,TRAJ42*01,TRBJ2-7*01,HLA-A*02:01,MHCI,VIR,Human,Human,NLDAVPTGY
ASKNSQGTGNEQF,TRAV12-2*01,AVNNTGNMLT,TRBV6-5*01,TRAJ39*01,TRBJ2-1*01,HLA-A*02:01,MHCI,NEO,Human,Human,NMEYMTWDV
ASSSETGWGTEAF,TRAV38-2/DV8*01,AHGDARLM,TRBV5-1,TRAJ31*01,TRBJ1-1*01,HLA-A*02:01,MHCI,VIR,Human,Human,CFVECAPVC
ASSEAGGGYEQY,TRAV16*01,ALSAFNDYKLS,TRBV12-3,TRAJ20*01,TRBJ2-7,HLA-A*02:01,MHCI,VIR,Human,Human,FLGRYMSAL
ASSLWTGTETQY,TRAV14/DV4*01,AMREGWGGGADGLT,TRBV5-6*01,TRAJ45*01,TRBJ2-5*01,HLA-A*03:01,MHCI,VIR,Human,Human,FLKEQGGL
ASSLFSGLADEQF,TRAV38-2/DV8*01,AYEGGAQKLV,TRBV27*01,TRAJ54*01,TRBJ2-1*01,HLA-A*03:01,MHCI,VIR,Human,Human,AIMTRCLAV
ASSAHDSYEQY,TRAV22*01,AVVDFDKLI,TRBV7-9*01,TRAJ34*01,TRBJ2-7*01,HLA-A*03:01,MHCI,VIR,Human,Human,SLLMWITQV
ASRRDNNYGYT,TRAV1-1*01,ANGDTNAGKST,TRBV6-4*01,TRAJ27*01,TRBJ1-2*01,HLA-A*03:01,MHCI,VIR,Human,Human,FLIGCNYLG
ASSILGTPTDTQY,TRAV17*01,ATDEVKAAGNKLT,TRBV19*01,TRAJ17*01,TRBJ2-3*01,HLA-A*03:01,MHCI,VIR,Human,Human,FIDTKRGVY
ASSLEPSYEQY,TRAV8-1*01,AVRSSGSARQLT,TRBV7-2*01,TRAJ22*01,TRBJ2-7*01,HLA-A*03:01,MHCI,VIR,Human,Human,QMAPISAMV
ASSLGEMNTEAF,TRAV14/DV4*01,AMRVESNYQLI,TRBV5-4*01,TRAJ33*01,TRBJ1-1*01,HLA-A*03:01,MHCI,VIR,Human,Human,CYTWNQMNL
ASGTAPYEQY,TRAV8-3*01,AVGAVGSGGGADGLT,TRBV6-6*01,TRAJ45*01,TRBJ2-7*01,HLA-A*03:01,MHCI,VIR,Human,Human,KLVNKFLAL
ASSLMGGRTDTQY,TRAV29/DV5*01,AASGGSQGNLI,TRBV12-3*01,TRAJ42*01,TRBJ2-3*01,HLA-A*03:01,MHCI,VIR,Human,Human,ELAGIGILAV
ASSSGPEAF,TRAV12-1*01,VIWDTGRRALT,TRBV4-1*01,TRAJ5*01,TRBJ1-1*01,HLA-A*11:01,MHCI,ONCV,Human,Human,ILFTRFFYV
ASSLVPGIAEAF,TRAV8-1*01,AVPDNYGQNFV,TRBV14*01,TRAJ26*01,TRBJ1-1*01,HLA-A*11:01,MHCI,ONCV,Human,Human,KDNVILLNK
ASSLDRTGGTGELF,TRAV8-6*01,AVSAWGAQKLV,TRBV7-9*01,TRAJ54*01,TRBJ2-2*01,HLA-A*11:01,MHCI,ONCV,Human,Human,MQLFFSYFA
ASSDPTRGTEAF,TRAV12-2*01,AVNMRQAGTALI,TRBV2*01,TRAJ15*01,TRBJ1-1*01,HLA-A*11:01,MHCI,ONCV,Human,Human,LIDFYLCFL
ASSEGWARNNEQF,TRAV21*01,AVNSNNAGNMLT,TRBV6-1*01,TRAJ39*01,TRBJ2-1*01,HLA-A*11:01,MHCI,ONCV,Human,Human,YMPYIFTLL
ASSDGTSLYNEQF,TRAV3*01,AVRDGGMGSNTGKLI,TRBV10-2*01,TRAJ37*01,TRBJ2-1*01,HLA-A*11:01,MHCI,ONCV,Human,Human,ELTSMKYFV
ASSASGGAPTYNEQF,TRAV38-1*01,AFMKQTRRDDKII,TRBV10-2*01,TRAJ30*01,TRBJ2-1*01,HLA-A*11:01,MHCI,ONCV,Human,Human,FLLDGSANV
ASSLGSSNYGYT,TRAV8-2*01,VVSRGKSSGDKLT,TRBV5-6*01,TRAJ46*01,TRBJ1-2*01,HLA-A*11:01,MHCI,ONCV,Human,Human,KLLKSIAAT
ASSFGQGRTEAF,TRAV13-2*01,AENPGAGGTSYGKLT,TRBV5-6*01,TRAJ52*01,TRBJ1-1*01,HLA-A*11:01,MHCI,ONCV,Human,Human,ALNLGETFV
ASSLIGGGATNEKLF,TRAV12-1*01,VVIPGGYNKLI,TRBV5-1*01,TRAJ4*01,TRBJ1-4*01,HLA-A*24:02,MHCI,VIR,Human,Human,MFDAYVNTF
ASKTGGAAKNIQY,TRAV4*01,LVGGWVSGGSYIPT,TRBV2*01,TRAJ6*01,TRBJ2-4*01,HLA-A*24:02,MHCI,VIR,Human,Human,FTSDYYQLY
ASSFGTPSTDTQY,TRAV24*01,AFSGGSNYKLT,TRBV5-6*01,TRAJ53*01,TRBJ2-3*01,HLA-A*24:02,MHCI,VIR,Human,Human,CHIPVEPNT
ASSQDGGDETPNTEAF,TRAV21*01,AVKIQGAQKLV,TRBV3-1*01,TRAJ54*01,TRBJ1-1*01,HLA-A*24:02,MHCI,UN,Human,Human,IKLDDKDPN
ASSLYGFQLVGELF,TRAV24*01,AFIDTGTASKLT,TRBV5-6*01,TRAJ44*01,TRBJ2-2*01,HLA-A*24:02,MHCI,VIR,Human,Human,NTLTLAVPY
ASSRPSGQGNNGYT,TRAV20,AVHLNDYKLS,TRBV18,TRAJ20*01,TRBJ1-2*01,HLA-A*24:02,MHCI,VIR,Human,Human,LPSYAALAT
ASSRTGFSEQY,TRAV27*01,AGPSSNTGKLI,TRBV3-1*01,TRAJ37*01,TRBJ2-7*01,HLA-A*24:02,MHCI,ONCV,Human,Human,CVNGSCFTV
ASSLGRDRPTPYEQY,TRAV6,ALLGISGGYQKVT,TRBV11-2,TRAJ13,TRBJ2-7,HLA-A*24:02,MHCI,VIR,Human,Human,EVDPIGHLY
ASSEATGYEQY,TRAV12-1,VVNTLSYSGAGSYQLT,TRBV6-1*01,TRAJ28*01,TRBJ2-7,HLA-A*24:02,MHCI,VIR,Human,Human,YINVFAFPF
ASSEVGVFEAF,TRAV13-2*01,AEKRPTDKLI,TRBV2*01,TRAJ34*01,TRBJ1-1*01,HLA-A*68:01,MHCI,VIR,Human,Human,SANNCTFEY
ASSEVGVFEAF,TRAV13-2*01,AEKRPTDKLI,TRBV2*01,TRAJ34*01,TRBJ1-1*01,HLA-A*68:01,MHCI,VIR,Human,Human,RMDYNNMQM
ASSQVGTTLETQY,TRAV29/DV5*01,AASAISGNTPLV,TRBV4-2*01,TRAJ29*01,TRBJ2-5*01,HLA-A*68:01,MHCI,VIR,Human,Human,MLNPNYEDL
ASSQVGPNEKLF,TRAV29/DV5*01,AASDPNSGYALN,TRBV4-1*01,TRAJ41*01,TRBJ1-4*01,HLA-A*68:01,MHCI,VIR,Human,Human,LLFGFPVYV + SCM(F5)
ASSLIFRDGEKLF,TRAV17*01,ATGPIYGGSQGNLI,TRBV12-4*01,TRAJ42*01,TRBJ1-4*01,HLA-A*68:01,MHCI,VIR,Human,Human,YGFQPTNGV
ASSLDLPGPEGETQY,TRAV17*01,ATDAARQLT,TRBV11-2*01,TRAJ22*01,TRBJ2-5*01,HLA-A*68:01,MHCI,VIR,Human,Human,FIDTKRGVY
ASSLAGGLAGPSYEQY,TRAV5*01,AEILMDSNYQLI,TRBV7-8*01,TRAJ33*01,TRBJ2-7*01,HLA-A*68:01,MHCI,VIR,Human,Human,APRGAHGGAASGL
ASSQVGTTLETQY,TRAV29/DV5*01,AASAISGNTPLV,TRBV4-2*01,TRAJ29*01,TRBJ2-5*01,HLA-A*68:01,MHCI,VIR,Human,Human,NLHPDSATL
ASSLEGDTEAF,TRAV20*01,AALANQAGTALI,TRBV5-4*01,TRAJ15*01,TRBJ1-1*01,HLA-A*68:01,MHCI,VIR,Human,Human,HLRMAGHSL
ASRPLTGGPLAKNIQY,TRAV12-3,AMSANAGNMLT,TRBV27,TRAJ39*01,TRBJ2-4*01,HLA-B*07:02,MHCI,VIR,Human,Human,ETALALLLL
ASISTDSLNTEAF,TRAV38-2/DV8*01,AYGGGAQKLV,TRBV19,TRAJ54*01,TRBJ1-1*01,HLA-B*07:02,MHCI,ONCV,Human,Human,LLFGFAVYV + SCM(F5)
ASSELAGGDRTEAF,TRAV19*01,ALDTGNQFY,TRBV2*01,TRAJ49*01,TRBJ1-1*01,HLA-B*07:02,MHCI,ONCV,Human,Human,GLTVLPPLL
ASSQQAGSLETQY,TRAV21,AVRRDSGYALN,TRBV6-6,TRAJ41*01,TRBJ2-5*01,HLA-B*07:02,MHCI,ONCV,Human,Human,FMIDVQQWG
ASSLYGNTEAF,TRAV21,AVVIATLGNTPLV,TRBV5-1,TRAJ29*01,TRBJ1-1*01,HLA-B*07:02,MHCI,VIR,Human,Human,VENPHLMGWD
ASSPGSLGHRASTDTQY,TRAV8-6*01,AVSDRGYSTLT,TRBV6-2*01,TRAJ11*01,TRBJ2-3*01,HLA-B*07:02,MHCI,VIR,Human,Human,FLALCADSI
ASSPSSYEQY,TRAV12-2*01,AVNSWGKLQ,TRBV12-3*01,TRAJ24*01,TRBJ2-7*01,HLA-B*07:02,MHCI,VIR,Human,Human,NNILIATCV
ASSFVQGGHTEAF,TRAV1-1*01,ARMDSNYQLI,TRBV12-3*01,TRAJ33*01,TRBJ1-1*01,HLA-B*07:02,MHCI,VIR,Human,Human,RLYLDAYNM
ASSPLQGANHDEQY,TRAV8-4,AVTHRAGRRALT,TRBV6-2,TRAJ5*01,TRBJ2-7,HLA-B*07:02,MHCI,VIR,Human,Human,RSGGFSFGK
ASSFWPGRNLLWGYT,TRAV13-1*01,AASETSYDKVI,TRBV12-3*01,TRAJ50*01,TRBJ1-2*01,HLA-B*08:01,MHCI,ONCV,Human,Human,WLPTGTLLV
ASSLRDGSEAF,TRAV38-1*01,AFMKGAGGTSYGKLT,TRBV5-6*01,TRAJ52*01,TRBJ1-1*01,HLA-B*08:01,MHCI,ONCV,Human,Human,NMIHFAPNV
ASSFSVGENEKLF,TRAV12-3*01,AMISNTGGFKTI,TRBV5-4*01,TRAJ9*01,TRBJ1-4*01,HLA-B*08:01,MHCI,ONCV,Human,Human,RLYLDAYNM
ASSFSGNTGELF,TRAV19*01,ALSGADSGAGSYQLT,TRBV12-3*01,TRAJ28*01,TRBJ2-2*01,HLA-B*08:01,MHCI,ONCV,Human,Human,VTLAILTAL
ASSARSSYEQY,TRAV13-1*01,AASETSYDKVI,TRBV19*01,TRAJ50*01,TRBJ2-7*01,HLA-B*08:01,MHCI,ONCV,Human,Human,MLAKALRKV
ASSLMATDTQY,TRAV13-1*01,APWGFNKFY,TRBV7-3*01,TRAJ21*01,TRBJ2-3*01,HLA-B*08:01,MHCI,ONCV,Human,Human,SPYNSQNAV
ASSLWGDYEQY,TRAV26-1*01,IVREGDRDDKII,TRBV12-3*01,TRAJ30*01,TRBJ2-7*01,HLA-B*08:01,MHCI,ONCV,Human,Human,SMMILSDDA
ASSLLWAEYNEQF,TRAV12-1*01,VVNIPFNPGKLI,TRBV4-1*01,TRAJ37*01,TRBJ2-1*01,HLA-B*08:01,MHCI,ONCV,Human,Human,CLEASFNYL
ASSFSGGTGELF,TRAV41*01,AVLGTQGGSEKLV,TRBV12-3*01,TRAJ57*01,TRBJ2-2*01,HLA-B*08:01,MHCI,ONCV,Human,Human,LTYHGAIKL
AISESRGAVETQY,TRAV24*01,ASSSDGQKLL,TRBV10-3,TRAJ16,TRBJ2-5*01,HLA-B*15:01,MHCI,VIR,Human,Human,ELRRKMMYM
ASSLTLRGGAGELF,TRAV8-1*01,AVNAGQAGTALI,TRBV11-2*01,TRAJ15*01,TRBJ2-2*01,HLA-B*15:01,MHCI,VIR,Human,Human,EFFWDANDIY
ASSLGVGRAYEQY,TRAV26-2*01,ILRDLDYKLS,TRBV7-2*01,TRAJ20*01,TRBJ2-7*01,HLA-B*15:01,MHCI,VIR,Human,Human,EIAGIGILTV
ASSLEDTNYGYT,TRAV21,AVHTSGTYKYI,TRBV7-2,TRAJ40*01,TRBJ1-2*01,HLA-B*15:01,MHCI,VIR,Human,Human,QIKVRVDMV
ASSNRGGNEQF,TRAV17*01,ATDLYAQGGSEKLV,TRBV19*01,TRAJ57*01,TRBJ2-1*01,HLA-B*15:01,MHCI,VIR,Human,Human,MTLHGHMMY
ASRRDRAYEQY,TRAV21,AVSSGGYQKVT,TRBV12-3,TRAJ13,TRBJ2-7,HLA-B*15:01,MHCI,VIR,Human,Human,ILAYCNKTV
AFGPRDRTNTGELF,TRAV27,AGSLGTSGSRLT,TRBV28,TRAJ58*01,TRBJ2-2*01,HLA-B*15:01,MHCI,VIR,Human,Human,YPLECIKDL
ASSFWGGGTEAF,TRAV9-2*01,ALRGNTGKLI,TRBV5-6*01,TRAJ37*01,TRBJ1-1*01,HLA-B*15:01,MHCI,VIR,Human,Human,NVILLNKHI
ASSLSPFSADYEQY,TRAV38-2/DV8*01,AYRSHENSGGSNYKLT,TRBV27*01,TRAJ53*01,TRBJ2-7*01,HLA-B*15:01,MHCI,VIR,Human,Human,QPGQTFSVL
ASSLGTGLEDQPQH,TRAV21*01,AVMSMDSSYKLI,TRBV7-8*01,TRAJ12*01,TRBJ1-5*01,HLA-B*57:01,MHCI,ONCV,Human,Human,MIAQYTSAL
ASSPDRESNTGELF,TRAV3*01,AVSALWDYKLS,TRBV7-9*01,TRAJ20*01,TRBJ2-2*01,HLA-B*57:01,MHCI,ONCV,Human,Human,IITTDNTFV
ASSPDRESNTGELF,TRAV3*01,AVSALWDYKLS,TRBV7-9*03,TRAJ20*01,TRBJ2-2*01,HLA-B*57:01,MHCI,ONCV,Human,Human,MTEYKLVVVGADGVGKSALTIQLI
ASSQDFPAHQETQY,TRAV2*01,AVSNRDDKII,TRBV14*01,TRAJ30*01,TRBJ2-5*01,HLA-B*57:01,MHCI,ONCV,Human,Human,LLFGYPVAV
ASSPDSTSGYSREQF,TRAV8-3*01,AVGVSQGAQKLV,TRBV4-3*01,TRAJ54*01,TRBJ2-1*01,HLA-B*57:01,MHCI,ONCV,Human,Human,KTFPPTEPK
ASSPDRESNTGELF,TRAV3*01,NFCECFMDYKLSF,TRBV7-9*01,TRAJ20*01,TRBJ2-2*01,HLA-B*57:01,MHCI,ONCV,Human,Human,SLLMPILTL
ASSFPGQGNTQY,TRAV35*01,AAVHLNGQLSVI,TRBV27*01,TRAJ33*01,TRBJ2-3*01,HLA-B*57:01,MHCI,ONCV,Human,Human,SFHSLHLLF
ASIADRGLNTEAF,TRAV27*01,SAEFRGIAIISW,TRBV6-5*01,TRAJ33*01,TRBJ1-1*01,HLA-B*57:01,MHCI,ONCV,Human,Human,KPLPEVKIL
ASRAGGGVETQY,TRAV25*01,SLSGGSQGNLLF,TRBV2*01,TRAJ24*01,TRBJ2-5*01,HLA-B*57:01,MHCI,ONCV,Human,Human,DLAGIGILTV
