cdr3_beta,epitope,trav,cdr3_alpha,trbv,traj,trbj,mhc,class,category,humantra,humantrb
ASSLTGGNYGYT,PTDNYITTY,TRAV38-1,AFMSPNSGGGADGLT,TRBV6-5,TRAJ45*01,TRBJ1-2*01,HLA-A*01:01,MHCI,VIR,Human,Human
ASSLTGTSNQPQH,TTDPSFLGRY,TRAV39*01,AVDQTGANNLF,TRBV4-1*01,TRAJ36*01,TRBJ1-5*01,HLA-A*01:01,MHCI,VIR,Human,Human
ASSPLRENTEAF,YANRNRFLY,TRAV19*01,ALRGQAGTALI,TRBV4-3*01,TRAJ15*01,TRBJ1-1*01,HLA-A*01:01,MHCI,VIR,Human,Human
ASSERLDLAGGRNEQF,FIDIKRGVY,TRAV8-2*01,VVSDWAGNMLT,TRBV6-1*01,TRAJ39*01,TRBJ2-1*01,HLA-A*01:01,MHCI,VIR,Human,Human
ASSLTRAGELF,PTDNYITTY,TRAV38-1*01,ALTTDSWGKLQ,TRBV3-1*01,TRAJ24*01,TRBJ2-2*01,HLA-A*01:01,MHCI,VIR,Human,Human
AISGPETNQPQH,LTDEMIAQY,TRAV38-1,AFMKTGANSKLT,TRBV10-3,TRAJ56*01,TRBJ1-5*01,HLA-A*01:01,MHCI,VIR,Human,Human
ASSIDRWTQGNQPQH,EIDPKLDNY,TRAV38-1,AFKGTYKYI,TRBV19,TRAJ40*01,TRBJ1-5*01,HLA-A*01:01,MHCI,VIR,Human,Human
ASRTTTGTGSSGNTIY,TVAYFNMVY,TRAV20*01,AVGSGAGSYQLT,TRBV7-9*01,TRAJ28*01,TRBJ1-3*01,HLA-A*01:01,MHCI,VIR,Human,Human
ASIDDSLENYGYT,TTDPSFLGRY,TRAV3*01,ADLNSGYSTLT,TRBV2*01,TRAJ11*01,TRBJ1-2*01,HLA-A*01:01,MHCI,VIR,Human,Human
ASRKRGTAPQF,GILGFVFTL,TRAV22*01,ASPGGGGSQGNLI,TRBV19*01,TRAJ45*01,TRBJ2-3*01,HLA-A*02:01,MHCI,VIR,Human,Human
ASSEEGRLYNSPLH,GILGFVFTL,TRAV39*01,AVVQNTNAGKST,TRBV2*01,TRAJ27*01,TRBJ1-6*01,HLA-A*02:01,MHCI,VIR,Human,Human
ASNQGTATEAF,CINGVCWTV,TRAV30*01,GRTGFQKLV,TRBV12-4*01,TRAJ8*01,TRBJ1-1*01,HLA-A*02:01,MHCI,ONCV,Human,Human
ASSSGNPSTDTQY,NMINFAPNI,TRAV12-1*01,VVATYSGGGADGLT,TRBV10-2*01,TRAJ45*01,TRBJ2-3*01,HLA-A*02:01,MHCI,UN,Human,Human
SVTRETNEKLF,LLDDFVEII,TRAV40*01,LLPRFGNEKLT,TRBV29-1,TRAJ48*01,TRBJ1-4*01,HLA-A*02:01,MHCI,VIR,Human,Human
ASSETGTQAYEQY,LLWNGPMAV,TRAV12-2*01,AVTDDKII,TRBV6-1*01,TRAJ30*01,TRBJ2-7*01,HLA-A*02:01,MHCI,VIR,Human,Human
ATSDRPYGYT,FLAHIQWMV,TRAV19*01,ALTPQGAQKLV,TRBV15,TRAJ54*01,TRBJ1-2*01,HLA-A*02:01,MHCI,VIR,Human,Human
ASSRDTVNTEAF,VLDLFQGQL,TRAV19*01,ALSEARGGATNKLI,TRBV10-1*01,TRAJ32*01,TRBJ1-1*01,HLA-A*02:01,MHCI,UN,Human,Human
ASSISLAAEQF,GILGFVFTL,TRAV38-1*01,AFMTNAGGTSYGKLT,TRBV19*01,TRAJ52*01,TRBJ2-1*01,HLA-A*02:01,MHCI,VIR,Human,Human
ASSLAGDPGEQF,KLGGALQAK,TRAV12-1*01,VVNRYSGYALN,TRBV5-4*01,TRAJ41*01,TRBJ2-1*01,HLA-A*03:01,MHCI,VIR,Human,Human
ASSPGEKNTEAF,KLGGALQAK,TRAV23/DV6*01,AASKLITGAGSYQLT,TRBV7-9*01,TRAJ28*01,TRBJ1-1*01,HLA-A*03:01,MHCI,VIR,Human,Human
ASSPYGGHGELF,KLGGALQAK,TRAV29/DV5*01,AASDGNTGNQFY,TRBV4-1*01,TRAJ49*01,TRBJ2-2*01,HLA-A*03:01,MHCI,VIR,Human,Human
ASSFPESLVTGGDPTEAF,KLGGALQAK,TRAV19*01,ALSELNSGNTPLV,TRBV7-9*01,TRAJ29*01,TRBJ1-1*01,HLA-A*03:01,MHCI,VIR,Human,Human
ASSILVVTGELF,KLGGALQAK,TRAV19*01,ALGGTSYGKLT,TRBV19*01,TRAJ52*01,TRBJ2-2*01,HLA-A*03:01,MHCI,VIR,Human,Human
ASSARTGVGYGYT,KLGGALQAK,TRAV19*01,ALSEAFSGNTPLV,TRBV19*01,TRAJ29*01,TRBJ1-2*01,HLA-A*03:01,MHCI,VIR,Human,Human
ASSLGNTEAF,KLGGALQAK,TRAV21*01,AVSGGWAGSARQLT,TRBV11-3*01,TRAJ22*01,TRBJ1-1*01,HLA-A*03:01,MHCI,VIR,Human,Human
ASSQEGRGIYGYT,KLGGALQAK,TRAV10*01,VGGGTDKLI,TRBV4-3*01,TRAJ34*01,TRBJ1-2*01,HLA-A*03:01,MHCI,VIR,Human,Human
ASSHGTGTYEQY,KLGGALQAK,TRAV13-1*01,AASITGTASKLT,TRBV19*01,TRAJ44*01,TRBJ2-7*01,HLA-A*03:01,MHCI,VIR,Human,Human
ASSPRSTDTQY,AVFDRKSDAK,TRAV17*01,ATDGGGGSQGNLI,TRBV19*01,TRAJ42*01,TRBJ2-3*01,HLA-A*11:01,MHCI,ONCV,Human,Human
ASSLSDRASEQY,AVFDRKSDAK,TRAV1-1*01,AVRDTTKAAGNKLT,TRBV4-1*01,TRAJ17*01,TRBJ2-7*01,HLA-A*11:01,MHCI,ONCV,Human,Human
ASSLFQGSGTEAF,IVTDFSVIK,TRAV17*01,AQTGANNLF,TRBV11-2*01,TRAJ36*01,TRBJ1-1*01,HLA-A*11:01,MHCI,ONCV,Human,Human
ASGMTGLTSEQY,AVFDRKSDAK,TRAV34*01,GAAGNMLT,TRBV6-3*01,TRAJ39*01,TRBJ2-7*01,HLA-A*11:01,MHCI,ONCV,Human,Human
ASSPEAGNMNTEAF,AVFDRKSDAK,TRAV8-3*01,AVVSGTYKYI,TRBV18*01,TRAJ40*01,TRBJ1-1*01,HLA-A*11:01,MHCI,ONCV,Human,Human
ASSFGGVDGYT,AVFDRKSDAK,TRAV29/DV5*01,AASFSGNTPLV,TRBV27*01,TRAJ29*01,TRBJ1-2*01,HLA-A*11:01,MHCI,ONCV,Human,Human
ASSRDRNGYT,AVFDRKSDAK,TRAV19*01,ALSDLAGDMR,TRBV6-6*01,TRAJ43*01,TRBJ1-2*01,HLA-A*11:01,MHCI,ONCV,Human,Human
ASSLGTGGSYEQY,AVFDRKSDAK,TRAV1-1*01,AVRDSAGTALI,TRBV3-1*01,TRAJ15*01,TRBJ2-7*01,HLA-A*11:01,MHCI,ONCV,Human,Human
ASRLSSRGMNTEAF,AVFDRKSDAK,TRAV38-2/DV8*01,AYYNARLM,TRBV19*01,TRAJ31*01,TRBJ1-1*01,HLA-A*11:01,MHCI,ONCV,Human,Human
ASSSYRKEKLF,RYSIFFDYM,TRAV8-1,AVMKDSNYQLI,TRBV19,TRAJ33*01,TRBJ1-4*01,HLA-A*24:02,MHCI,ONCV,Human,Human
ASSLHNADTQY,QYDPVAALF,TRAV12-2*01,AVKGNQGGKLI,TRBV7-2*01,TRAJ23*01,TRBJ2-3*01,HLA-A*24:02,MHCI,VIR,Human,Human
ASKKTPVGTEAF,NYMPYFFTL,TRAV13-1,ADDYKLS,TRBV19,TRAJ20*01,TRBJ1-1*01,HLA-A*24:02,MHCI,VIR,Human,Human
ASSETGGYEQY,NYNYLYRLF,TRAV12-1,VVNMLYSGGSNYKLT,TRBV6-1*01,TRAJ53*01,TRBJ2-7,HLA-A*24:02,MHCI,VIR,Human,Human
ASSDGHQGLQETQY,LWLLWPVTL,TRAV14/DV4*01,AMRDSNSNSGYALN,TRBV10-1*01,TRAJ41*01,TRBJ2-5*01,HLA-A*24:02,MHCI,VIR,Human,Human
ASSEMAESQETQY,QYIKWPWYI,TRAV9-2,ALRSGGYQKVT,TRBV25-1,TRAJ13,TRBJ2-5*01,HLA-A*24:02,MHCI,VIR,Human,Human
ASSEFTNYEQY,NYNYLYRLF,TRAV12-1*01,VVTNTNAGKST,TRBV2*01,TRAJ27*01,TRBJ2-7*01,HLA-A*24:02,MHCI,VIR,Human,Human
ASSLIGAGSTDTQY,VMHANYIFW,TRAV12-1*01,VVITGGYNKLI,TRBV5-1*01,TRAJ4*01,TRBJ2-3*01,HLA-A*24:02,MHCI,VIR,Human,Human
ASSESQGYEQY,NYNYLYRLF,TRAV12-1,VVVRMDSSYKLI,TRBV2,TRAJ12*01,TRBJ2-7,HLA-A*24:02,MHCI,VIR,Human,Human
ASSFPSRGANYGYT,DATYQRTRALVR,TRAV20*01,AVRSEGGSNYKLT,TRBV7-9*01,TRAJ53*01,TRBJ1-2*01,HLA-A*68:01,MHCI,VIR,Human,Human
ASSDGDHSYEQY,DATYQRTRALVR,TRAV1-2*01,AVMDSSYKLI,TRBV6-1*01,TRAJ12*01,TRBJ2-7*01,HLA-A*68:01,MHCI,VIR,Human,Human
ASSLVPSDQETQY,DATYQRTRALVR,TRAV4*01,LVGDGKAGTALI,TRBV5-4*01,TRAJ15*01,TRBJ2-5*01,HLA-A*68:01,MHCI,VIR,Human,Human
ASSAGTSPTDTQY,DATYQRTRALVR,TRAV1-2*01,AVMDSSYKLI,TRBV6-4*01,TRAJ12*01,TRBJ2-3*01,HLA-A*68:01,MHCI,VIR,Human,Human
ASSESPIGDEPLH,DATYQRTRALVR,TRAV12-1*01,VVNPPPDDYKLS,TRBV9*01,TRAJ20*01,TRBJ1-6*01,HLA-A*68:01,MHCI,VIR,Human,Human
ASSFLGPEGEKLF,DATYQRTRALVR,TRAV13-1*01,AASIRGSQGNLI,TRBV12-4*01,TRAJ42*01,TRBJ1-4*01,HLA-A*68:01,MHCI,VIR,Human,Human
ASSPGTGGNEQY,DATYQRTRALVR,TRAV38-2/DV8*01,AYRSAGGGTSYGKLT,TRBV2*01,TRAJ52*01,TRBJ2-7*01,HLA-A*68:01,MHCI,VIR,Human,Human
ASNPVIGDEQY,DATYQRTRALVR,TRAV4*01,LVGDHSGTYKYI,TRBV27*01,TRAJ40*01,TRBJ2-7*01,HLA-A*68:01,MHCI,VIR,Human,Human
ASSSGGDERYTGELF,DATYQRTRALVR,TRAV21*01,AVSPTLT,TRBV19*01,TRAJ11*01,TRBJ2-2*01,HLA-A*68:01,MHCI,VIR,Human,Human
ASGPGRGLSLGNQPQH,RPHERNGFTVL,TRAV13-2,ADLLNFGNEKLT,TRBV2,TRAJ48*01,TRBJ1-5*01,HLA-B*07:02,MHCI,VIR,Human,Human
ASSQAGRGLGEKLF,RPHERNGFTVL,TRAV2*01,AVEPGRNAGNMLT,TRBV3-1*01,TRAJ39*01,TRBJ1-4*01,HLA-B*07:02,MHCI,VIR,Human,Human
ASSLTAAYEQY,WPVTLACFV,TRAV8-3,AVPTGTYKYI,TRBV27,TRAJ40*01,TRBJ2-7,HLA-B*07:02,MHCI,VIR,Human,Human
ASSLSRANSPLH,MPYFFTLLL,TRAV25*01,AGPNNNNDMR,TRBV27,TRAJ43*01,TRBJ1-6*01,HLA-B*07:02,MHCI,VIR,Human,Human
ASQTFSPGQTQ,APRGPHAGAASGL,TRAV17*01,ATGNDYKLS,TRBV6-1*01,TRAJ20*01,TRBJ2-7*01,HLA-B*07:02,MHCI,UN,Human,Human
ASKALVGTAEAKNIQY,SPRWYFYYL,TRAV25*01,AAPRNNNARLM,TRBV27*01,TRAJ31*01,TRBJ2-4*01,HLA-B*07:02,MHCI,VIR,Human,Human
ASSQEHERGPQH,RPPIFIRRL,TRAV38-2/DV8*01,AYKQGAQKLV,TRBV4-3,TRAJ54*01,TRBJ1-5*01,HLA-B*07:02,MHCI,ONCV,Human,Human
ASAGTANSPLH,KPRQKRTAT,TRAV17*01,ATDEGGSEKLV,TRBV30*01,TRAJ57*01,TRBJ1-6*01,HLA-B*07:02,MHCI,VIR,Human,Human
ASSELAGGDRTEAF,RPPIFIRRL,TRAV38-2/DV8*01,AYFQGAQKLV,TRBV2,TRAJ54*01,TRBJ1-1*01,HLA-B*07:02,MHCI,ONCV,Human,Human
ASSLFTDTQY,RAKFKQLL,TRAV13-2*01,ADSGGGADGLT,TRBV7-8*01,TRAJ45*01,TRBJ2-3*01,HLA-B*08:01,MHCI,ONCV,Human,Human
ASSEGPGQGYEQY,RAKFKQLL,TRAV13-2*01,ADSGGGADGLT,TRBV2*01,TRAJ45*01,TRBJ2-7*01,HLA-B*08:01,MHCI,ONCV,Human,Human
ASGLVESAGTEAF,RAKFKQLL,TRAV3*01,AVSAASGGSYIPT,TRBV12-5*01,TRAJ6*01,TRBJ1-1*01,HLA-B*08:01,MHCI,ONCV,Human,Human
ASSQIRGGTEAF,RAKFKQLL,TRAV38-2/DV8*01,ARAGGGSEKLV,TRBV3-1*01,TRAJ57*01,TRBJ1-1*01,HLA-B*08:01,MHCI,ONCV,Human,Human
ASSLLWAEYNEQF,RAKFKQLL,TRAV12-2*01,AVDSGNTPLV,TRBV4-1*01,TRAJ29*01,TRBJ2-1*01,HLA-B*08:01,MHCI,ONCV,Human,Human
ASSPSSSYEQY,RAKFKQLL,TRAV13-2*01,AETHSGGSNYKLT,TRBV12-4*01,TRAJ53*01,TRBJ2-7*01,HLA-B*08:01,MHCI,ONCV,Human,Human
ASSLTQGIYNEQF,RAKFKQLL,TRAV38-2/DV8*01,AYREGGSQGNLI,TRBV7-9*01,TRAJ42*01,TRBJ2-1*01,HLA-B*08:01,MHCI,ONCV,Human,Human
ASRKQGSDTGELF,RAKFKQLL,TRAV1-2*01,AVNRDNARLM,TRBV12-3*01,TRAJ31*01,TRBJ2-2*01,HLA-B*08:01,MHCI,ONCV,Human,Human
ASRELQAISGNTIY,RAKFKQLL,TRAV13-1*01,AATETSYDKVI,TRBV12-3*01,TRAJ50*01,TRBJ1-3*01,HLA-B*08:01,MHCI,ONCV,Human,Human
ASSLSGGALDTQY,NQKLIANQF,TRAV4*01,LVGDLNEGNFNKFY,TRBV5-1*01,TRAJ21*01,TRBJ2-3*01,HLA-B*15:01,MHCI,VIR,Human,Human
ASSPSGAGGGDEQF,NQKLIANQF,TRAV19*01,ALSEANDYKLS,TRBV9,TRAJ20*01,TRBJ2-1*01,HLA-B*15:01,MHCI,VIR,Human,Human
ASSLRGGQDSGNTIY,NQKLIANQF,TRAV14/DV4,AMRTSGTYKYI,TRBV7-9,TRAJ40*01,TRBJ1-3*01,HLA-B*15:01,MHCI,VIR,Human,Human
ASSPLLAGGKNIQY,NQKLIANQF,TRAV16*01,ALNARLM,TRBV12-3,TRAJ31*01,TRBJ2-4*01,HLA-B*15:01,MHCI,VIR,Human,Human
ASSLLDRGFQPQH,RVAGDSGFAAY,TRAV1-2*01,AVREGLDTGRRALT,TRBV7-2*01,TRAJ5*01,TRBJ1-5*01,HLA-B*15:01,MHCI,VIR,Human,Human
ASSKGGSNQPQH,NQKLIANQF,TRAV8-2*01,VVSDPDDMR,TRBV19*01,TRAJ43*01,TRBJ1-5*01,HLA-B*15:01,MHCI,VIR,Human,Human
AISESRGAVETQY,NQKLIANQF,TRAV24*01,ASSSDGQKLL,TRBV10-3,TRAJ16,TRBJ2-5*01,HLA-B*15:01,MHCI,VIR,Human,Human
ASSLTGGGYT,NQKLIANQF,TRAV20,AVQRKFNFGNEKLT,TRBV12-4,TRAJ48*01,TRBJ1-2*01,HLA-B*15:01,MHCI,VIR,Human,Human
AAGVNTGELF,NQKLIANQF,TRAV29/DV5,AASEGSGTYKYI,TRBV24-1,TRAJ40*01,TRBJ2-2*01,HLA-B*15:01,MHCI,VIR,Human,Human
ASSLGATWTSNTEAF,KSKRTPMGF,TRAV27*01,WGDRKTRNSYF,TRBV7-8*01,TRAJ42*01,TRBJ1-1*01,HLA-B*57:01,MHCI,ONCV,Human,Human
ASRAGGGVETQY,RAQAPPPSW,TRAV25*01,SLSGGSQGNLLF,TRBV2*01,TRAJ42*01,TRBJ2-5*01,HLA-B*57:01,MHCI,ONCV,Human,Human
ASSQGASGRATDTQY,KSKRTPMGF,TRAV1-2*01,AVRVALIKAAGNKLT,TRBV4-2*01,TRAJ17*01,TRBJ2-3*01,HLA-B*57:01,MHCI,ONCV,Human,Human
ASSLGGNEQF,KSKRTPMGF,TRAV17*01,ATDGGDSSYKLI,TRBV7-9*03,TRAJ12*01,TRBJ2-1*01,HLA-B*57:01,MHCI,ONCV,Human,Human
ASSFPGQGNTQY,RAQAPPPSW,TRAV38-2/DV8*01,AHRSPQTNAGNQLT,TRBV27*01,TRAJ39*01,TRBJ2-3*01,HLA-B*57:01,MHCI,ONCV,Human,Human
ASRAGGGVETQY,RAQAPPPSW,TRAV1-1*01,AVRGDSRGKLQ,TRBV2*01,TRAJ24*01,TRBJ2-5*01,HLA-B*57:01,MHCI,ONCV,Human,Human
ASIADRGLNTEAF,KSKRTPMGF,TRAV27*01,SAEFRGIAIISW,TRBV6-5*01,TRAJ33*01,TRBJ1-1*01,HLA-B*57:01,MHCI,ONCV,Human,Human
ASSFQYNEQF,KSKRTPMGF,TRAV19*01,ALSEVTDSWGKLQ,TRBV12-3*01,TRAJ24*02,TRBJ2-1*01,HLA-B*57:01,MHCI,ONCV,Human,Human
ASSFPGQGNTQY,RAQAPPPSW,TRAV10*01,VFMSTQTDAGYQFT,TRBV27*01,TRAJ39*01,TRBJ2-3*01,HLA-B*57:01,MHCI,ONCV,Human,Human
