TRA,TRB,PEP,MHC,PDBID
NaN,NaN,P,H,8i5e
NaN,NaN,C,A,8dvg
G,H,C,A,8shi
NaN,NaN,C,A,8elg
NaN,NaN,C,A,8elh
A,B,P,N,8es8
NaN,NaN,C,A,7wzz
NaN,NaN,C,A,7x00
NaN,NaN,C,A,7x1b
NaN,NaN,C,A,7x1c
D,E,C,A,8gom
D,E,C,A,8gon
D,E,C,A,7q99
D,E,C,A,7q9a
NaN,NaN,C,A,7xf3
D,F,NaN,A,7n2n
D,F,C,A,7n2o
D,F,NaN,A,7n2p
D,F,NaN,A,7n2q
D,F,NaN,A,7n2r
D,F,NaN,A,7n2s
NaN,NaN,C,A,7t0l
NaN,NaN,C,A,8cx4
NaN,NaN,C,A,8eb2
NaN,NaN,C,A,7sif
NaN,NaN,C,A,7sih
NaN,NaN,P,A,7tr4
D,E,C,A,7rk7
D,E,C,A,7nme
D,E,C,A,7nmf
D,E,C,A,7nmg
A,B,E,C,7qpj
NaN,NaN,C,A,7re7
D,E,C,A,7ow5
D,E,C,A,7ow6
NaN,NaN,C,A,7r7y
A,B,E,C,7r80
NaN,NaN,C,A,7wt4
NaN,NaN,C,A,7wt5
NaN,NaN,C,A,7wj2
D,E,C,A,7su9
D,E,C,A,7pbe
NaN,NaN,P,A,7bh8
D,E,C,A,7rrg
NaN,NaN,C,A,7wkj
E,D,C,A,7dzm
E,D,C,A,7dzn
NaN,NaN,C,A,7ejl
NaN,NaN,C,A,7ejm
NaN,NaN,C,A,7ejn
D,E,NaN,A,6zkw
D,E,NaN,A,6zkx
D,E,NaN,A,6zky
D,E,NaN,A,6zkz
NaN,NaN,C,A,7bbg
D,E,C,A,7rtr
D,E,C,A,7n1e
D,E,C,A,7n1f
NaN,NaN,NaN,A,6uj7
NaN,NaN,NaN,A,6uj8
NaN,NaN,NaN,A,6uj9
D,E,C,A,6vm7
D,E,C,A,6vm9
D,E,C,A,6vma
D,E,C,A,6vmc
NaN,NaN,C,A,7kgo
NaN,NaN,NaN,A,7kgp
NaN,NaN,NaN,A,7kgq
NaN,NaN,C,A,7kgr
NaN,NaN,C,A,7kgs
NaN,NaN,C,A,7kgt
NaN,NaN,C,A,6pag
NaN,NaN,C,A,7k80
NaN,NaN,C,A,7k81
NaN,NaN,C,A,6vb1
NaN,NaN,C,A,6vb2
NaN,NaN,C,A,6vb4
NaN,NaN,C,A,6vb5
NaN,NaN,C,A,6vb6
D,E,C,A,6vm8
D,E,C,A,6tmo
D,E,C,A,6uk4
D,E,C,A,6tro
D,E,P,A,6vqo
D,E,P,A,6vrm
D,E,P,A,6vrn
D,E,C,A,6uln
NaN,NaN,C,A,6v3j
D,E,C,A,6rsy
NaN,NaN,C,A,6jtn
NaN,NaN,C,A,6jto
NaN,NaN,C,A,6jtp
D,E,C,A,6r2l
NaN,NaN,C,A,6joz
D,E,C,A,6rpa
D,E,C,A,6rpb
NaN,NaN,C,A,6o4y
NaN,NaN,C,A,6o4z
NaN,NaN,C,A,6o51
NaN,NaN,C,A,6o53
NaN,NaN,C,A,6pbh
NaN,NaN,C,A,6pyj
NaN,NaN,C,A,6pyv
NaN,NaN,C,A,6pz5
NaN,NaN,NaN,A,6o9b
NaN,NaN,NaN,A,6o9c
NaN,NaN,C,A,6p23
NaN,NaN,C,A,6p27
NaN,NaN,C,A,6j1v
NaN,NaN,C,A,6j1w
NaN,NaN,C,A,6j29
NaN,NaN,C,A,6j2a
D,E,C,A,6q3s
D,E,C,A,6dkp
D,E,C,A,6d78
D,E,C,A,6mtm
NaN,NaN,C,A,6mtl
NaN,NaN,T,A,6id4
A,B,I,C,5yxn
F,G,I,C,5yxu
NaN,NaN,C,A,6ewa
NaN,NaN,NaN,A,6ewo
D,E,C,A,6eqb
NaN,NaN,C,A,5vud
NaN,NaN,C,A,5vue
NaN,NaN,C,A,5vuf
NaN,NaN,C,A,5vvp
NaN,NaN,C,A,5vwd
NaN,NaN,C,A,5vwf
NaN,NaN,C,A,5vwj
D,E,C,A,6amu
D,E,C,A,6am5
D,H,C,A,6bj3
D,H,C,A,6bj8
NaN,NaN,C,A,5wmo
NaN,NaN,C,A,5wmp
NaN,NaN,C,A,6bxp
A,B,P,H,6avf
C,D,Q,G,6avg
NaN,NaN,C,A,6at5
NaN,NaN,E,A,5wwj
NaN,NaN,E,A,5wwu
NaN,NaN,E,A,5wxc
D,E,C,A,5nme
D,E,C,A,5nmf
D,E,C,A,5nmg
NaN,NaN,C,A,5nmh
I,J,C,A,5tez
D,E,C,A,5wkf
NaN,NaN,C,A,5grd
NaN,NaN,C,A,5u98
D,E,C,A,5xot
I,J,C,A,5xov
NaN,NaN,E,A,5v5m
NaN,NaN,C,A,5xos
NaN,NaN,K,A,5iue
D,E,C,A,5jzi
D,E,C,A,5isz
D,E,C,A,5jhd
NaN,NaN,C,A,5t6w
NaN,NaN,C,A,5t6x
NaN,NaN,C,A,5t6y
NaN,NaN,C,A,5t6z
NaN,NaN,C,A,5t70
NaN,NaN,C,A,5f7d
NaN,NaN,C,A,5f9j
NaN,NaN,C,A,5fa3
D,E,C,A,5men
E,F,NaN,A,5euo
NaN,NaN,C,A,5enw
NaN,NaN,E,A,5im7
NaN,NaN,E,A,5inc
NaN,NaN,E,A,5ind
NaN,NaN,C,A,5swq
NaN,NaN,B,A,5iro
NaN,NaN,C,A,5ddh
D,E,C,A,5e9d
D,E,C,A,5c07
D,E,C,A,5c08
D,E,C,A,5c09
D,E,C,A,5c0a
D,E,C,A,5c0b
D,E,C,A,5c0c
NaN,NaN,C,A,5b38
NaN,NaN,C,A,5b39
D,E,C,A,5hhm
D,E,C,A,5hho
D,E,C,A,5brz
D,E,C,A,5bs0
D,E,C,A,5eu6
C,F,G,H,5d2n
NaN,NaN,C,A,4wu7
NaN,NaN,C,A,4qru
NaN,NaN,NaN,A,3x11
NaN,NaN,NaN,A,3x12
NaN,NaN,C,A,3x13
NaN,NaN,C,A,3x14
NaN,NaN,C,A,4no3
NaN,NaN,C,A,4no5
D,E,C,A,4qok
E,D,P,A,4qrr
NaN,NaN,C,A,4qrs
NaN,NaN,C,A,4nnx
NaN,NaN,C,A,4nny
NaN,NaN,C,A,4no0
NaN,NaN,C,A,4no2
D,E,C,A,4qrp
NaN,NaN,C,A,4lnr
NaN,NaN,C,A,4nt6
NaN,NaN,C,A,4o2c
NaN,NaN,C,A,4o2e
NaN,NaN,C,A,4o2f
D,E,C,A,4l3e
D,E,C,A,4mji
NaN,NaN,C,A,3wuw
D,E,C,A,4prh
D,E,C,A,4pri
D,E,C,A,4prp
NaN,NaN,C,A,4pr5
NaN,NaN,C,A,4pra
NaN,NaN,C,A,4prb
NaN,NaN,NaN,A,4prd
NaN,NaN,C,A,4pre
NaN,NaN,C,A,4prn
NaN,NaN,C,A,4n8v
NaN,NaN,m,A,4l3c
D,E,NaN,A,4mnq
D,E,C,A,3w0w
D,E,C,A,3vxm
D,E,C,A,3vxr
D,E,C,A,3vxs
D,E,C,A,3vxu
NaN,NaN,C,A,4hwz
NaN,NaN,C,A,4hx1
NaN,NaN,C,A,4i48
D,E,C,A,4ftv
NaN,NaN,NaN,A,4jqv
NaN,NaN,NaN,A,4jqx
D,E,C,A,4jfd
D,E,C,A,4jfe
D,E,C,A,4jff
G,H,F,D,4eup
D,E,C,A,4jrx
D,E,C,A,4jry
D,E,C,A,4g8g
D,E,C,A,4g9f
NaN,NaN,C,A,4g8i
NaN,NaN,C,A,4g9d
D,E,C,A,2ypl
NaN,NaN,C,A,2ypk
NaN,NaN,C,A,3vcl
NaN,NaN,C,A,4e5x
NaN,NaN,C,A,3spv
NaN,NaN,P,A,3upr
NaN,NaN,C,A,3vfn
NaN,NaN,C,A,3vfo
NaN,NaN,C,A,3vfp
NaN,NaN,C,A,3rl2
NaN,NaN,C,A,3vfs
NaN,NaN,C,A,3vfw
D,E,C,A,3uts
D,E,C,A,3utt
NaN,NaN,C,A,3rew
D,E,C,A,3qfj
NaN,NaN,C,A,3vh8
D,E,C,A,3qdg
D,E,C,A,3qdj
D,E,C,A,3qdm
D,E,C,A,3qeq
NaN,NaN,C,A,3qzw
NaN,NaN,C,A,2xpg
D,E,C,A,3pwp
D,E,C,A,3o4l
NaN,NaN,C,A,3ln5
D,E,C,A,3mv7
D,E,C,A,3mv8
D,E,C,A,3mv9
NaN,NaN,C,A,3kww
NaN,NaN,C,A,3l3d
NaN,NaN,C,A,3l3g
NaN,NaN,C,A,3l3i
NaN,NaN,C,A,3l3j
NaN,NaN,C,A,3l3k
D,E,C,A,3h9s
D,E,C,A,3kpr
D,E,C,A,3kps
NaN,NaN,C,A,3kpl
NaN,NaN,C,A,3kpm
NaN,NaN,C,A,3kpn
NaN,NaN,C,A,3kpp
NaN,NaN,C,A,3kpq
A,B,P,H,3gsn
D,E,C,A,3hg1
D,E,C,A,3d39
D,E,C,A,3d3v
NaN,NaN,C,A,3hae
NaN,NaN,C,A,3gjf
NaN,NaN,C,A,3fqn
NaN,NaN,C,A,3fqr
NaN,NaN,C,A,3fqt
NaN,NaN,C,A,3fqu
NaN,NaN,C,A,3fqw
NaN,NaN,C,A,3fqx
NaN,NaN,C,A,3d25
D,E,C,A,3ffc
NaN,NaN,C,A,3dx6
NaN,NaN,C,A,3dx7
NaN,NaN,C,A,3dx8
NaN,NaN,C,A,3bhb
NaN,NaN,C,A,2rfx
NaN,NaN,P,A,3bzf
NaN,NaN,C,A,3c9n
D,E,C,A,2vlj
D,E,C,A,2vlk
D,E,C,A,2vlr
E,F,C,A,2j8u
E,F,C,A,2jcc
D,NaN,C,A,2p5e
D,NaN,C,A,2p5w
D,E,C,A,2pye
E,F,C,A,2uwe
D,E,C,A,2nx5
NaN,NaN,C,A,2nw3
NaN,NaN,C,A,2fyy
NaN,NaN,C,A,2fz3
NaN,NaN,C,A,2hn7
NaN,NaN,C,A,2dyp
NaN,NaN,C,A,2cik
D,E,C,A,2gj6
NaN,NaN,C,A,2hjk
NaN,NaN,C,A,2hjl
NaN,NaN,C,A,2h6p
D,E,C,A,2f53
D,E,C,A,2f54
D,E,P,A,2esv
NaN,NaN,C,A,2axf
NaN,NaN,C,A,2axg
D,E,C,A,2ak4
NaN,NaN,C,A,1s8d
NaN,NaN,C,A,1t1w
NaN,NaN,C,A,1t1x
NaN,NaN,C,A,1t1y
NaN,NaN,C,A,1t1z
NaN,NaN,C,A,1t20
NaN,NaN,C,A,1t21
NaN,NaN,C,A,1t22
NaN,NaN,C,A,1x7q
NaN,NaN,C,A,1zsd
D,E,C,A,2bnq
D,E,C,A,2bnr
NaN,NaN,C,A,1zhk
NaN,NaN,C,A,1zhl
NaN,NaN,NaN,A,1xr8
NaN,NaN,NaN,A,1xr9
NaN,NaN,C,A,1xh3
NaN,NaN,C,A,1w72
NaN,NaN,C,A,1n2r
E,F,C,A,1lp9
NaN,NaN,E,A,1m05
NaN,NaN,C,A,1m6o
D,E,C,A,1oga
D,E,C,A,1mi5
NaN,NaN,C,A,1im3
NaN,NaN,C,A,1e27
NaN,NaN,C,A,1e28
D,E,C,A,1qse
D,E,C,A,1qsf
D,E,C,A,1qrn
D,E,C,A,1bd2
NaN,NaN,C,A,1a1m
NaN,NaN,C,A,1a1n
NaN,NaN,C,A,1a1o
D,E,C,A,1ao7
NaN,NaN,C,A,1akj
NaN,NaN,C,A,1agb
NaN,NaN,C,A,1agc
NaN,NaN,C,A,1agd
NaN,NaN,C,A,1age
NaN,NaN,C,A,1agf
NaN,NaN,C,A,1hsa
